location,avg_temperature,avg_humidity
BuildingB_Floor2,24.97514925373135,54.68503731343286
BuildingB_Floor1,24.80407725321888,54.216266094420554
BuildingA_Floor2,24.79140495867767,53.72119834710742
BuildingA_Floor1,24.682684824902736,54.14132295719844
