sensor_id,avg_temp,rank_temp
1095,29.1075,1
1047,28.945,2
1071,28.570909090909094,3
1063,28.505454545454544,4
1019,28.282,5
